"tossn","fromorg","resourceid","instanceid",task
"01020102485","910787489",app_ssb_ra0485-01,urn:altinn:instance-id:50163140/47a6f05f-11aa-4d10-b8b5-74fbc500a91b
"15115700739","910787489",app_ssb_ra0485-01,urn:altinn:instance-id:50163140/47a6f05f-11aa-4d10-b8b5-74fbc500a91b
"14902647547","311764837",correspondence-access-test,urn:altinn:correspondence-id:019dba0c-4ffd-7ce3-a056-22931049bbef
"14902647547","311764837",correspondence-attachment-test,urn:altinn:correspondence-id:019d9126-8374-71d3-84db-83d819fadac1
"19895199357","310202398",brg-migratedcorrespondence-5640-2021,urn:altinn:correspondence-id:01995d0f-e15b-733a-8dbf-821b9bd2ce79
"01896697567","210000992",ks-migratedcorrespondence-3702-1,urn:altinn:correspondence-id:019c09e9-6ab2-799b-8b16-48930a8e0577
"31889699151","310202398",brg-migratedcorrespondence-5640-2021,urn:altinn:correspondence-id:01995d0f-e15b-733a-8dbf-821b9bd2ce79
"01906197762","310418234",ske-motorvogn-soknad-vektaarsavgift-refusjon-avregistrering,urn:altinn:dialog-id:019d1ee7-773c-753d-b257-2557ffd39ee5
"46817601103","212475912",app_ttd_testdriver-for-arbeidsflate,urn:altinn:instance-id:51481068/a0ccc6cc-d56d-499e-ada3-85ad37c692ec
"46817601103","212475912",hdir-migratedcorrespondence-4118-1,urn:altinn:correspondence-id:019b939a-d189-7d15-aa81-932306b358f0,task_1
"02056900651","910459880",asf-migratedcorrespondence-4980-1,urn:altinn:correspondence-id:01995c77-b7e0-710e-b4d8-471245640a20
"10105700410","910169688",skd-migratedcorrespondence-5179-180822,urn:altinn:correspondence-id:01995c86-f520-7e1e-98cd-fe6d5ce55523
"01065200658","810074132",skd-migratedcorrespondence-2772-120309,urn:altinn:correspondence-id:01995c90-0dae-7e58-b099-c00240ea25f0
"14105001577","910346601",app_ssb_ra0485-01,urn:altinn:instance-id:50197220/aa4a02ff-446d-46e5-8bbf-9fd534d68df0
"06100101392","810409282",app_ssb_ra0677-01,urn:altinn:dialog-id:0186dbb4-a013-7024-acad-ad7e611a831c
"14926097890","310842346",app_ttd_instance-gui-test,urn:altinn:instance-id:51599233/7567dd1c-1257-4317-85a7-f907810402b4
"18898398036","312974703",app_slv_apotekdrift,urn:altinn:instance-id:51658404/9a18c5d4-c916-4d4d-bc46-1f0c01bbec76,Task_2
"12813247737","313211231",hdir-migratedcorrespondence-4121-1,urn:altinn:correspondence-id:019cdc5e-5389-7518-9c41-9c89cf74ce33
"01818199690","314242726",app_ttd_signering-brukerstyrt,urn:altinn:instance-id:51448647/32944057-7dd4-485c-9a68-7dd8c5086d03
"29917997339","311041371",app_ttd_ttd-bruno-tilgangspakke-app,urn:altinn:instance-id:51616797/49986993-2cec-4e96-85a5-b07c5b7e4c5e
"29917997339","315684617",app_ttd_ttd-bruno-tilgangspakke-app,urn:altinn:instance-id:52019430/3a875fb6-4610-4436-b179-df45bdbc9fa5
"25884699358","310705071",app_ttd_ttd-bruno-tilgangspakke-app,urn:altinn:instance-id:51587157/0f894d28-a3a6-457b-a9e9-7e9827dd5b93
"16854795507","313383113",app_brg_enkeltpersonforetak-react,urn:altinn:instance-id:51772305/68f1d32e-39c6-48c0-aa75-a3eb5f1e4aff
"27815499544","313383113",app_brg_enkeltpersonforetak-react,urn:altinn:instance-id:51772305/f6f1937d-c4fc-421a-9ea8-c7dcab01fd56
"08875097688","313383113",app_brg_enkeltpersonforetak-react,urn:altinn:instance-id:51772305/670e4643-794e-4bfa-84dd-db1a41b0b964
"09827798514","313383113",app_brg_enkeltpersonforetak-react,urn:altinn:instance-id:51772305/bb15911f-3dfe-44c2-af31-35e3972c1165
"09857096476","313383113",app_brg_enkeltpersonforetak-react,urn:altinn:instance-id:51772305/5ddc23d2-fc70-4ff1-926f-63d92c2adee7
"46877400166","312640376",app_ttd_jh-apotek,urn:altinn:instance-id:51790143/dec266aa-cfd6-422b-b387-076e78cadaf8
"47910075159","312251701",app_slv_apotekdrift,urn:altinn:instance-id:51756530/fa2cca55-acf4-4dfd-a6b2-793221cf5664,Task_2
"47910075159","314003985",app_slv_grossisttillatelse,urn:altinn:instance-id:51468019/e8e3f184-082d-4340-b927-5f834efa5218,Task_2
"47910075159","314003985",app_slv_grossisttillatelse,urn:altinn:instance-id:51468019/e3df54b2-16d3-4c27-bfd7-29b0ecb8d046,Task_2
"47910075159","313466868",app_slv_grossisttillatelse,urn:altinn:instance-id:51847595/5716bc45-e661-4137-8438-41093c3d986c,Task_2
"47910075159","313466868",app_slv_grossisttillatelse,urn:altinn:instance-id:51847595/ac1dc08c-5bf0-40aa-9f22-5e5b68431a18,Task_2
"08926595769","312405091",app_ttd_signering-brukerstyrt,urn:altinn:instance-id:51773698/5ce697bd-1806-4253-a005-216b9af2897a
"08926595769","312405091",app_ttd_signering-brukerstyrt,urn:altinn:instance-id:51773698/a2dd2537-965b-4ae2-8a11-54482441f334
"47910075159","211047682",app_slv_grossisttillatelse,urn:altinn:instance-id:51460495/6e371599-44d5-45a1-b33e-b81a683001dc,Task_2
"47910075159","211047682",app_slv_grossisttillatelse,urn:altinn:instance-id:51460495/abc7e769-108e-4e04-a5f5-4228b0bd0530,Task_2
"47910075159","312565676",app_slv_grossisttillatelse,urn:altinn:instance-id:51503682/edc94b8b-0d6c-4202-981d-5c6d10610dad,Task_2
"47910075159","313786757",app_slv_grossisttillatelse,urn:altinn:instance-id:51469054/38dab1e4-2ebc-4ad1-83af-9bc23d085ac4,Task_2
"47910075159","313786757",app_slv_apotekdrift,urn:altinn:instance-id:51469054/b684a565-417d-4f75-802e-4cee57517a42,Task_2
"47910075159","313786757",app_slv_grossisttillatelse,urn:altinn:instance-id:51469054/f127fbc0-9ab7-4adb-a367-eececdd396e2,Task_2
"21914798709","313383113",app_brg_enkeltpersonforetak-react,urn:altinn:instance-id:51772305/2e02f3a9-5665-43a2-8287-bcca33266878
"21914798709","313383113",app_brg_enkeltpersonforetak-react,urn:altinn:instance-id:51772305/50807edd-9d2f-428c-a3c7-77855af09bcf
"10825795702","313383113",app_brg_enkeltpersonforetak-react,urn:altinn:instance-id:51772305/044e1640-2a93-4180-b945-721a733a2a35
"47910075159","313569942",app_slv_grossisttillatelse,urn:altinn:instance-id:51854742/48fcb242-3f02-46e4-82dc-607dc291c51a,Task_2
"47910075159","313569942",app_slv_grossisttillatelse,urn:altinn:instance-id:51854742/76dcd947-325f-4669-8522-ff0d0f3de283,Task_2
"09876298713","312405091",app_ttd_signering-brukerstyrt,urn:altinn:instance-id:51773698/a2dd2537-965b-4ae2-8a11-54482441f334
"47910075159","210147802",app_slv_grossisttillatelse,urn:altinn:instance-id:51450618/fe0c8b31-5fc1-4aef-8136-a246fd7aed8b,Task_2
"47910075159","210147802",app_slv_grossisttillatelse,urn:altinn:instance-id:51450618/516eb6cc-5a3b-466c-adf6-6e10d9abbfa5,Task_2
"58917800349","312932237",app_slv_grossisttillatelse,urn:altinn:instance-id:51810464/9764dac1-5c5c-4263-af83-c8be21563b93,Task_2
"58917800349","312932237",app_ttd_signering-brukerstyrt,urn:altinn:instance-id:51810464/c519cee3-6037-4f9a-a74d-cb73ad71be2b
"03815299433","310317551",app_slv_grossisttillatelse,urn:altinn:instance-id:51552831/e1ef6f57-f8d1-439d-9c2b-7a41b24e1f4a,Task_2
"47910075159","313175847",app_slv_grossisttillatelse,urn:altinn:instance-id:51827522/9f0ba479-a298-4e03-9739-faa1fe176dee,Task_2
"47910075159","313175847",app_slv_grossisttillatelse,urn:altinn:instance-id:51827522/7aee903c-da75-474d-bedb-653598964ed7,Task_2
"03815299433","313175847",app_slv_grossisttillatelse,urn:altinn:instance-id:51827522/ea215bd4-1948-4d8d-8042-ddc764d9b9f4,Task_2
"03815299433","312858215",app_slv_apotekdrift,urn:altinn:instance-id:51805303/55589550-3565-4228-a1ad-c1f2759ed08e,Task_2
"03815299433","312858215",app_slv_apotekdrift,urn:altinn:instance-id:51805303/7058141c-a6cd-403e-ab05-df76a956282b,Task_2
"58917800349","312858215",app_slv_grossisttillatelse,urn:altinn:instance-id:51805303/fbd6e8c6-710a-43ea-ac80-652f9a83768a,Task_2
"58917800349","312858215",app_slv_apotekdrift,urn:altinn:instance-id:51805303/b97a0519-0168-4211-b092-0960c4e62a81,Task_2
"47910075159","312858215",app_slv_apotekdrift,urn:altinn:instance-id:51805303/b05d3b37-4536-4142-b643-ba7af0bd17ef,Task_2
"19847199000","313383113",app_brg_enkeltpersonforetak-react,urn:altinn:instance-id:51772305/baac2f9c-6058-49d7-8afb-d84de874d7c6
"19904897100","313383113",app_brg_enkeltpersonforetak-react,urn:altinn:instance-id:51772305/4e43b728-9665-40fd-9341-c5690bcfd327
"04896398577","313383113",app_brg_enkeltpersonforetak-react,urn:altinn:instance-id:51772305/feef9626-8db5-40fb-8341-0e1456fd5e7c
"03815299433","213709372",app_slv_apotekdrift,urn:altinn:instance-id:51492898/48d482ca-db06-4904-b3a7-d9416a0a9846,Task_2
"03815299433","213709372",app_slv_apotekdrift,urn:altinn:instance-id:51492898/a1fd89a2-7714-45f8-84fc-bf68544f926d,Task_2
"21875598535","313383113",app_brg_enkeltpersonforetak-react,urn:altinn:instance-id:51772305/2611313e-0ef0-4410-a268-2bb738fcc315
"58917800349","314152212",app_slv_grossisttillatelse,urn:altinn:instance-id:51472688/86a4ea99-d317-4bc4-a7de-4ab6731f32fc,Task_2
"03815299433","310769738",app_slv_grossisttillatelse,urn:altinn:instance-id:51592838/db5593f2-c6ca-4dcc-8fe8-a92ebd76fd9d,Task_2
"47910075159","312565846",app_slv_grossisttillatelse,urn:altinn:instance-id:51784897/e5527571-20a9-4d24-9bf2-58909638a5a9,Task_2
"11854995997","210120912",app_ttd_signering-brukerstyrt,urn:altinn:instance-id:51450275/78f32ea4-90fe-4cff-ab47-274925d83de3,SigningTask_Founders
"46877400166","311734792",app_ttd_signering-brukerstyrt,urn:altinn:instance-id:51700962/54cbade3-f1ca-45d7-bd3d-74d7f29ca819
"17863249783","313383113",app_brg_enkeltpersonforetak-react,urn:altinn:instance-id:51772305/c51416f6-b931-40ef-8bf3-e4a8261eef6c
"09926097986","313383113",app_brg_enkeltpersonforetak-react,urn:altinn:instance-id:51772305/72d3785d-c4e4-45b6-9c1d-10619c645dcc
"58917800349","313836959",app_ttd_signering-brukerstyrt,urn:altinn:instance-id:51873181/d335bdad-f8a0-45fb-b101-c0ad0f7a024d
"07896197163","313383113",app_brg_enkeltpersonforetak-react,urn:altinn:instance-id:51772305/27874f23-29f2-4ec0-9545-60a2a9cd671c
"08818497696","313383113",app_brg_enkeltpersonforetak-react,urn:altinn:instance-id:51772305/533c16e8-45e9-4e19-a466-158431009c16
"03815299433","313859312",app_slv_grossisttillatelse,urn:altinn:instance-id:51874708/b040ade2-add8-4523-b30b-a0353f574fc1,Task_2
"27894995357","313383113",app_brg_enkeltpersonforetak-react,urn:altinn:instance-id:51772305/96d3ba43-e1ab-40a7-88ab-b1625ad10f54
"13827599756","313383113",app_brg_enkeltpersonforetak-react,urn:altinn:instance-id:51772305/37f1a74c-8d1c-4fd5-aaf8-4c0d55b71958
"47910075159","313905195",app_slv_grossisttillatelse,urn:altinn:instance-id:51877883/fd139089-7e82-4c66-bd5f-befa50e9b5e9,Task_2
"47910075159","314229053",app_slv_grossisttillatelse,urn:altinn:instance-id:51900260/b3af649d-f3ac-4e29-8fb1-6e8cfc3fe157,Task_2
"47910075159","314229053",app_slv_grossisttillatelse,urn:altinn:instance-id:51900260/4a490aab-8c3f-417d-b59f-82035ef295cd,Task_2
"58917800349","314282884",app_slv_grossisttillatelse,urn:altinn:instance-id:51456020/8be518dd-712c-4c86-9ac9-f5d20108c403,Task_2
"47910075159","313610586",app_slv_grossisttillatelse,urn:altinn:instance-id:51857585/b1493bdf-6674-4307-9d05-be24b50d13f6,Task_2
"20869399109","313383113",app_brg_enkeltpersonforetak-react,urn:altinn:instance-id:51772305/5daa3321-f7f5-4be2-b8d8-e7f10bd202bd
"47910075159","310065498",app_slv_apotekdrift,urn:altinn:instance-id:51508838/f68acccc-ed98-45bd-a00c-d35f69986ccd,Task_2
"03815299433","210920862",app_slv_grossisttillatelse,urn:altinn:instance-id:51459206/2f84b6ee-6960-4a4a-9aaa-b39942544774,Task_2
"12868498577","312745437",app_brg_enkeltpersonforetak-react,urn:altinn:instance-id:51797458/5a8094f8-5e51-4c63-9c9c-935e29e061c0
"47910075159","310612987",app_slv_apotekdrift,urn:altinn:instance-id:51579031/ee67a109-0af4-4bbf-ac32-22c7994de224,Task_2
"21846396974","313383113",app_brg_enkeltpersonforetak-react,urn:altinn:instance-id:51772305/8a1eb65f-340c-4978-9f5e-221791e2db99
"21919498363","313383113",app_brg_enkeltpersonforetak-react,urn:altinn:instance-id:51772305/a4064133-dee6-4c25-a6e9-45b28cde33ac
"47910075159","310065005",app_slv_grossisttillatelse,urn:altinn:instance-id:51530187/52885d5a-06ae-45ca-869f-07edfc4d197d,Task_2
"07876797350","313383113",app_brg_enkeltpersonforetak-react,urn:altinn:instance-id:51772305/1ab1db6e-e9f2-4d97-9e73-7e87ae2ef917
"47910075159","310840556",app_slv_grossisttillatelse,urn:altinn:instance-id:51599074/d018de60-09a2-4f12-a969-9153f366ba25,Task_2
"47910075159","310840556",app_slv_grossisttillatelse,urn:altinn:instance-id:51599074/d771291c-9f05-408d-876b-c986c5a3ebb9,Task_2
"47910075159","312420996",app_slv_grossisttillatelse,urn:altinn:instance-id:51774805/25e0236d-1e32-4473-8e0b-2eefe95dac3d,Task_2
"47910075159","312422328",app_slv_grossisttillatelse,urn:altinn:instance-id:51774891/256bb64e-866d-40a6-9fc6-9bce8d76dacf,Task_2
"47910075159","312958589",app_slv_grossisttillatelse,urn:altinn:instance-id:51812292/e67cedd7-485a-48e5-a381-8815605055cd,Task_2
"47910075159","312958589",app_slv_grossisttillatelse,urn:altinn:instance-id:51812292/9cd5173b-93c6-4e0b-b8c7-3abce91b2e5c,Task_2
"47910075159","312958589",app_slv_grossisttillatelse,urn:altinn:instance-id:51812292/5a0c677c-52c8-424f-be18-2d169ec92833,Task_2
"47910075159","312958589",app_slv_grossisttillatelse,urn:altinn:instance-id:51812292/be77ae95-2880-4d8f-a497-3e0e3a216706,Task_2
"47910075159","313787494",app_slv_grossisttillatelse,urn:altinn:instance-id:51869754/e523471d-9d28-4863-b64a-9190d324f993,Task_2
"47910075159","313787494",app_slv_grossisttillatelse,urn:altinn:instance-id:51869754/1189ec05-5118-4308-a14f-b9eae789660b,Task_2
"47910075159","313258742",app_slv_grossisttillatelse,urn:altinn:instance-id:51833228/9db7bcf6-fd8b-4bd0-9997-134782f8169f,Task_2
"47910075159","213109332",app_slv_grossisttillatelse,urn:altinn:instance-id:51487205/57a8b27c-b0bb-4565-bf18-6d9c3bc26270,Task_2
"47910075159","213109332",app_slv_grossisttillatelse,urn:altinn:instance-id:51487205/e7d27851-d33a-4c59-873b-5399f404ec2d,Task_2
"47910075159","213109332",app_slv_grossisttillatelse,urn:altinn:instance-id:51487205/9351a507-db05-4ab9-8507-52d966e7d6d8,Task_2
"47910075159","312928736",app_slv_grossisttillatelse,urn:altinn:instance-id:51746547/386f8358-fa30-4334-ba35-31ef9731b5d1,Task_2
"47910075159","312629062",app_slv_grossisttillatelse,urn:altinn:instance-id:51645691/037e31bb-d4f3-43ef-990f-85e669bdaad1,Task_2
"47910075159","310727628",app_slv_grossisttillatelse,urn:altinn:instance-id:51589120/58b1931d-d5c7-45bf-946f-cf91eeb80e89,Task_2
"47910075159","310727628",app_slv_grossisttillatelse,urn:altinn:instance-id:51589120/0ced3a7e-2e1d-49c5-8e66-2387902995e6,Task_2
"47910075159","310727628",app_slv_grossisttillatelse,urn:altinn:instance-id:51589120/feb6c5cb-8c55-4a31-915f-5fca205be39c,Task_2
"47910075159","310727628",app_ttd_signering-brukerstyrt,urn:altinn:instance-id:51589120/c47d233a-ba8a-4723-846a-c042a958a781
"47910075159","310743216",app_slv_grossisttillatelse,urn:altinn:instance-id:51590492/9eccd993-fde9-457b-802f-8f44bbadfa7a,Task_2
"47910075159","310743216",app_slv_grossisttillatelse,urn:altinn:instance-id:51590492/c8fd7d22-13d1-4ddf-adbd-6793688db12f,Task_2
"47910075159","314263979",app_slv_grossisttillatelse,urn:altinn:instance-id:51474145/27c2ad0a-76d7-4320-a974-0ee41a8380e7,Task_2
"47910075159","310781428",app_slv_grossisttillatelse,urn:altinn:instance-id:51593872/bea51556-b34b-4ad1-9f9a-580259fa5fd4,Task_2
"47910075159","310736724",app_slv_grossisttillatelse,urn:altinn:instance-id:51589921/1fad82d3-664b-42ad-872b-a74c7970f57e,Task_2
"58917800349","310736724",app_slv_grossisttillatelse,urn:altinn:instance-id:51589921/bf777014-4796-4e0d-8894-efe607993c5e,Task_2
"47910075159","313479978",app_slv_apotekdrift,urn:altinn:instance-id:51848499/441a56f8-3633-4238-825c-cae1d26bcf7a,Task_2
"47910075159","312963744",app_slv_apotekdrift,urn:altinn:instance-id:51812654/92c3f984-e95b-4e98-a3be-df3bd6563a48,Task_2
"47910075159","312963744",app_slv_apotekdrift,urn:altinn:instance-id:51812654/e7b3b967-00bc-451a-a76f-96db6bdf1a26,Task_2
"47910075159","310686328",app_slv_apotekdrift,urn:altinn:instance-id:51585497/9aa3f036-dce8-431b-80a9-0ba3248a2f91,Task_2
"47910075159","310686328",app_slv_apotekdrift,urn:altinn:instance-id:51585497/06215889-eaf4-4b39-a579-ed63278a2d5d,Task_2
"47910075159","310725145",app_slv_grossisttillatelse,urn:altinn:instance-id:51588912/bd19f401-74b0-4281-a8bb-03ee297262e6,Task_2
"03815299433","310337382",app_slv_grossisttillatelse,urn:altinn:instance-id:51554596/aef2200e-46b3-47ca-988f-7d14aa5a9f44,Task_2
"09876298713","313252698",app_ttd_signering-brukerstyrt,urn:altinn:instance-id:51832813/cabf5371-56f4-4b58-9a56-71fa47856498
"03815299433","310146609",app_slv_apotekdrift,urn:altinn:instance-id:51537511/8bc47962-df7b-474e-9e7e-486644340b99,Task_2
"03815299433","314039807",app_slv_grossisttillatelse,urn:altinn:instance-id:51887179/5f642fd5-ec84-4b2a-9ad2-e8f341fca1df,Task_2
"47910075159","310798223",app_slv_grossisttillatelse,urn:altinn:instance-id:51595349/4be73a49-ced0-4d23-b0a7-dd3e15566d4e,Task_2
"47910075159","312889773",app_slv_grossisttillatelse,urn:altinn:instance-id:51807481/a9482ddb-03f8-479a-9b28-faf8b8132d4d,Task_2
"47910075159","310448826",app_slv_grossisttillatelse,urn:altinn:instance-id:51564469/a2d38fbf-cba6-48dc-8826-97a6c10737d5,Task_2
"47910075159","310448826",app_slv_grossisttillatelse,urn:altinn:instance-id:51564469/07a9b971-fa80-4944-9807-0716a80e498b,Task_2
"47910075159","310293156",app_slv_grossisttillatelse,urn:altinn:instance-id:51550643/3f1ab86d-876d-4c87-94e6-60b43947dfa9,Task_2
"47910075159","312277654",app_slv_grossisttillatelse,urn:altinn:instance-id:51758401/aff63f1e-0487-405a-8282-8e272655faf6,Task_2
"47910075159","310422207",app_slv_grossisttillatelse,urn:altinn:instance-id:51562118/080c8741-c3bf-4536-9d96-dfec103f10dd,Task_2
"11859499017","312466058",app_slv_grossisttillatelse,urn:altinn:instance-id:51777927/ee2305b8-38f2-4a97-9849-dd28326cf943,Task_2
"47910075159","313497488",app_slv_grossisttillatelse,urn:altinn:instance-id:51849702/077dd418-2540-4654-aab1-1f36d86ff35c,Task_2
"47910075159","313497488",app_slv_grossisttillatelse,urn:altinn:instance-id:51849702/5ae14b62-6739-4439-bed9-c4d0fd417ff1,Task_2
"11859499017","314022475",app_slv_grossisttillatelse,urn:altinn:instance-id:51885981/c0ca0a3f-b14a-41e4-a155-9a1940097a93,Task_2
"11859499017","311798162",app_slv_grossisttillatelse,urn:altinn:instance-id:51705933/b14404be-4cd5-45a0-b3df-5b639605b6c7,Task_2
"47910075159","312728818",app_slv_apotekdrift,urn:altinn:instance-id:51796271/8518a966-ecc1-4890-be80-e30f9051968e,Task_2
"11854995997","310815349",app_ttd_signering-brukerstyrt,urn:altinn:instance-id:51596858/2cd0353f-d992-4b45-87a5-358dd0466c16,SigningTask_Founders
"47910075159","313011852",app_slv_apotekdrift,urn:altinn:instance-id:51673440/0d1bdca1-bbc7-4077-874d-321d4d293790,Task_2
"47910075159","313011852",app_slv_apotekdrift,urn:altinn:instance-id:51673440/7a0f949f-2d79-463c-ad3b-88f4d6cdc2a6,Task_2
"47910075159","313011852",app_slv_apotekdrift,urn:altinn:instance-id:51673440/185b0e86-041d-4e1d-b5ac-88bab57cd1d5,Task_2
"47910075159","313011852",app_slv_apotekdrift,urn:altinn:instance-id:51673440/53272c85-e745-427e-b89f-f7c7eff5c495,Task_2
"47910075159","313011852",app_slv_apotekdrift,urn:altinn:instance-id:51673440/40980f84-bf17-4fce-a4f9-d8e397a56d81,Task_2
"47910075159","314153286",app_slv_apotekdrift,urn:altinn:instance-id:51895025/9a090111-23cd-44f0-b6f8-827fe9f83129,Task_2
"47910075159","310087882",app_slv_apotekdrift,urn:altinn:instance-id:51532247/239bc0c2-6f89-42f7-b2ce-c605da663c07,Task_2
"47910075159","312616300",app_slv_apotekdrift,urn:altinn:instance-id:51788456/c3e0f787-a496-40c1-be89-db5f207c009a,Task_2
"47910075159","310788104",app_slv_grossisttillatelse,urn:altinn:instance-id:51594463/22042991-0501-46b2-b9db-0dc8427f925f,Task_2
"09876298713","315821924",app_ttd_signering-brukerstyrt,urn:altinn:instance-id:52031913/adace5fa-5b65-4e3f-b156-dc4cdb7a749a
"47910075159","213782932",app_slv_grossisttillatelse,urn:altinn:instance-id:51493609/e21e7c28-c226-4020-bf8e-134721da506d,Task_2
"46877400166","312188252",app_ttd_signering-brukerstyrt,urn:altinn:instance-id:51473192/78c6e9ef-2954-4766-8824-81ff51fce995
"47910075159","312217376",app_slv_grossisttillatelse,urn:altinn:instance-id:51754020/dbca2b80-4969-42d1-a391-bb2dc7d7f227,Task_2
"47910075159","313870278",app_slv_grossisttillatelse,urn:altinn:instance-id:51875466/8ac8f791-500b-493b-996b-6f9d459c9372,Task_2
"47910075159","313870278",app_slv_grossisttillatelse,urn:altinn:instance-id:51875466/3f5a7c2d-31f7-40f7-8cfa-29a84c97d2a5,Task_2
"47910075159","314199367",app_slv_apotekdrift,urn:altinn:instance-id:51898205/94da8896-11bb-460c-9309-f9605a44dcdf,Task_2
"47910075159","313538303",app_slv_apotekdrift,urn:altinn:instance-id:51659609/92f071cf-2448-4f6c-8221-b776641b7a96,Task_2
"47910075159","312528126",app_slv_grossisttillatelse,urn:altinn:instance-id:51733970/b91d4fb9-ff21-405a-ab0b-89c6c3464be1,Task_2
"47910075159","313540146",app_slv_apotekdrift,urn:altinn:instance-id:51852706/8ff69129-cd51-4841-a11a-36fa3c4e8078,Task_2
"47910075159","312256096",app_slv_apotekdrift,urn:altinn:instance-id:51756845/009d2bd1-fd83-4b91-a901-2e37ed6c9b17,Task_2
"11854995997","310718319",app_ttd_signering-brukerstyrt,urn:altinn:instance-id:51588316/273a5c79-f16b-4b7d-aa75-25caee10c0d4
"04858897845","214171562",app_slv_apotekdrift,urn:altinn:instance-id:51497253/0944d1b5-ec33-4072-890d-219db3e47c5e,Task_2
"04858897845","214171562",app_slv_apotekdrift,urn:altinn:instance-id:51497253/bfec58d1-2c59-4392-8f2c-a90ee9721888,Task_2
"04858897845","214171562",app_slv_apotekdrift,urn:altinn:instance-id:51497253/4c980439-8fbb-41d2-855f-5327e0b97b53,Task_2
"04858897845","214171562",app_slv_apotekdrift,urn:altinn:instance-id:51497253/21088a75-35d7-4387-9609-c1ddab2953ff,Task_2
"04858897845","214171562",app_slv_apotekdrift,urn:altinn:instance-id:51497253/3baf2890-b19a-4191-96c5-c1ffe41fbca8,Task_2
"04858897845","214171562",app_slv_apotekdrift,urn:altinn:instance-id:51497253/735a3adc-7cbf-4df3-9b3a-5b96709ada76,Task_2
"04858897845","214171562",app_slv_apotekdrift,urn:altinn:instance-id:51497253/8c02f53c-facb-4ac8-98ba-c225541e9700,Task_2
"04858897845","214171562",app_slv_apotekdrift,urn:altinn:instance-id:51497253/e0a93b9a-c34f-4852-9561-f3036ba906d9,Task_2
"04858897845","214171562",app_slv_apotekdrift,urn:altinn:instance-id:51497253/13435851-3b6b-4614-adfd-5568d9304802,Task_2
"04858897845","214171562",app_slv_apotekdrift,urn:altinn:instance-id:51497253/362f4045-58b5-49fb-8a1c-62ecedb3a49f,Task_2
"04858897845","214171562",app_slv_apotekdrift,urn:altinn:instance-id:51497253/69063ded-cc25-4372-914c-4d68db29a20f,Task_2
"04858897845","214171562",app_slv_apotekdrift,urn:altinn:instance-id:51497253/20525f7b-2cbd-4597-839a-d6e8db290de2,Task_2
"04858897845","214171562",app_slv_apotekdrift,urn:altinn:instance-id:51497253/f50660ef-5f7b-408f-900b-254a824ef46d,Task_2
"47910075159","311820869",app_slv_apotekdrift,urn:altinn:instance-id:51707696/503cda51-1cb3-4675-af1d-4a4b7a2c14a4,Task_2
"04858897845","313506045",app_slv_apotekdrift,urn:altinn:instance-id:51850284/d9fdc5d2-d3ba-4eaf-aa1a-af0c3d6fb82d,Task_2
"47910075159","313045056",app_slv_apotekdrift,urn:altinn:instance-id:51818361/64fdb48e-010d-4f3d-a388-79e4743cfe15,Task_2
"47910075159","313309037",app_slv_apotekdrift,urn:altinn:instance-id:51688220/c62e6898-7b0c-4cb8-a0ee-082c17a92977,Task_2
"47910075159","313309037",app_slv_apotekdrift,urn:altinn:instance-id:51688220/79712e08-1118-4567-939d-d01eaa6c00ab,Task_2
"47910075159","310662798",app_slv_apotekdrift,urn:altinn:instance-id:51583425/edcab5a2-6ad0-44fe-bd21-50fd6c79bd74,Task_2
"47910075159","214171562",app_slv_apotekdrift,urn:altinn:instance-id:51497253/cc951d1e-6f7d-4a96-8535-0317298af7d5,Task_2
"47910075159","214171562",app_slv_apotekdrift,urn:altinn:instance-id:51497253/21088a75-35d7-4387-9609-c1ddab2953ff,Task_2
"47910075159","214171562",app_slv_apotekdrift,urn:altinn:instance-id:51497253/16a65725-4e1b-445b-98e8-294afffd1453,Task_2
"47910075159","214171562",app_slv_apotekdrift,urn:altinn:instance-id:51497253/662b4d3c-09ed-4aad-9eae-c4151ea12d56,Task_2
"11859499017","312475618",app_slv_grossisttillatelse,urn:altinn:instance-id:51778579/8300cbd2-c7f2-432e-ae83-dff6ab9be811
"25927499641","313379159",app_slv_grossisttillatelse,urn:altinn:instance-id:51841523/f78d4e8a-253f-42c5-ae06-9da8c895bbb2
"02918096933","310402168",app_slv_grossisttillatelse,urn:altinn:instance-id:51560334/d7e213b7-d381-4259-8c8d-132e16140c86
"02918096933","310402168",app_slv_grossisttillatelse,urn:altinn:instance-id:51560334/15c4d41d-0a2c-4929-80de-547dae62d933
"02918096933","310402168",app_slv_grossisttillatelse,urn:altinn:instance-id:51560334/e1fb0baf-4b3f-4c36-8975-4dd23d41ff95
"02918096933","310402168",app_slv_grossisttillatelse,urn:altinn:instance-id:51560334/ec9464ce-75cb-4842-90f1-c6e0bbf2717b
"02918096933","310402168",app_slv_grossisttillatelse,urn:altinn:instance-id:51560334/33b56542-ddae-4159-80fd-04d855c484ce
"02918096933","310402168",app_slv_grossisttillatelse,urn:altinn:instance-id:51560334/57eaf1d4-fa5b-4640-972d-d8e19aa503f7
"47910075159","310542261",app_slv_apotekdrift,urn:altinn:instance-id:51572805/1e8052de-00e2-498a-bb53-d60e6a6f5e8b,Task_2
"16905298767","214171562",app_slv_apotekdrift,urn:altinn:instance-id:51497253/c02f0bc4-0fac-4409-b88d-c9dc5c2bde76,Task_2
"11859499017","310711713",app_slv_apotekdrift,urn:altinn:instance-id:51587744/e8b1da94-af32-4968-a766-571d71a2e0c3,Task_2
"11859499017","310711713",app_slv_grossisttillatelse,urn:altinn:instance-id:51587744/2ceca0b4-4bd4-4127-a443-700aa5add113
"11859499017","310711713",app_slv_grossisttillatelse,urn:altinn:instance-id:51587744/4326c5aa-fdcc-4c8b-b285-86fbe4300034
"11859499017","310711713",app_slv_grossisttillatelse,urn:altinn:instance-id:51587744/90b302c3-85dd-49a0-85cb-7c7f891f39b3
"11859499017","310711713",app_slv_apotekdrift,urn:altinn:instance-id:51587744/a8c9bd82-71bc-402a-9ada-7133c7283e23,Task_2
"11859499017","310711713",app_slv_apotekdrift,urn:altinn:instance-id:51587744/248188a4-d3f4-4605-add0-a9dccae721a2,Task_2
"11859499017","310711713",app_slv_apotekdrift,urn:altinn:instance-id:51587744/0c04506b-f7cf-4692-8274-28743ac07daa,Task_2
"11859499017","310711713",app_slv_apotekdrift,urn:altinn:instance-id:51587744/0653f2fd-6ee4-462f-85b8-3c815f8474ba,Task_2
"11859499017","310711713",app_slv_apotekdrift,urn:altinn:instance-id:51587744/0b969170-6bcd-4a0e-89ed-54735ccd6e76,Task_2
"11859499017","310711713",app_slv_apotekdrift,urn:altinn:instance-id:51587744/ad2e5071-3dfc-4a43-9ae8-6972e5ae9d1f,Task_2
"11859499017","310711713",app_slv_apotekdrift,urn:altinn:instance-id:51587744/248630e9-1548-4ea9-a167-634617e4bf8d,Task_2
"11859499017","310711713",app_slv_apotekdrift,urn:altinn:instance-id:51587744/3863979f-8b08-4aa2-bb12-cf2691cb7c3b,Task_2
"11859499017","310711713",app_slv_apotekdrift,urn:altinn:instance-id:51587744/f4baf43f-5f2e-46cb-89ac-78ea2c7bae47,Task_2
"11859499017","310417092",app_slv_grossisttillatelse,urn:altinn:instance-id:51561667/5b3b9726-0225-41d2-a8e6-4293bd0d22a8
"47910075159","313504301",app_slv_grossisttillatelse,urn:altinn:instance-id:51850158/b918b0a6-d4cc-4d5a-8bc8-158f48eb2486,Task_2
"47910075159","310544426",app_slv_grossisttillatelse,urn:altinn:instance-id:51572990/2751308a-148c-4fa2-b5b5-8c98393dff5e
"47910075159","310544426",app_slv_apotekdrift,urn:altinn:instance-id:51572990/2f75a988-335a-4ef5-8a13-c6718439bed2,Task_2
"47910075159","312839717",app_slv_apotekdrift,urn:altinn:instance-id:51645236/89c5facc-6cad-49e4-bd00-42dcb42ab671,Task_2
"47910075159","310824135",app_slv_apotekdrift,urn:altinn:instance-id:51597645/6455eb4a-2eac-4639-ad66-2ab982174468,Task_2
"47910075159","310893307",app_slv_apotekdrift,urn:altinn:instance-id:51603715/3d3b3921-0886-4a26-b336-8d29a1b73333,Task_2
"47910075159","312706210",app_ttd_signering-brukerstyrt,urn:altinn:instance-id:51794683/c4792c94-fd5b-48cd-9081-153b1e490996
"47910075159","313724735",app_slv_grossisttillatelse,urn:altinn:instance-id:51865442/e3aca860-da6b-4435-96d2-c1ea6a7a0765
"47910075159","313557790",app_slv_grossisttillatelse,urn:altinn:instance-id:51630657/fe84d11c-4ae0-429c-9245-75758a7e0638
"47910075159","310374911",app_slv_grossisttillatelse,urn:altinn:instance-id:51557931/364e933f-880b-4c91-882a-d1fdfc84886c
"47910075159","310374911",app_slv_apotekdrift,urn:altinn:instance-id:51557931/a9c19193-8651-4e03-9202-a1b5c763ced9,Task_2
"47910075159","212529672",app_slv_grossisttillatelse,urn:altinn:instance-id:51481592/9a9356cc-84b4-446f-8858-4cdbf165a458,Task_2
"47910075159","212529672",app_slv_apotekdrift,urn:altinn:instance-id:51481592/1556f098-b0b9-4d85-bc1d-3bab1a4a7315,Task_2
"47910075159","313896021",app_slv_apotekdrift,urn:altinn:instance-id:51877255/8099f96e-218d-4c3a-842d-8e89449402fb,Task_2
"47910075159","313896021",app_slv_apotekdrift,urn:altinn:instance-id:51877255/43f665cc-d8eb-490e-9ea3-892d0c6cbb57,Task_2
"06817494380","313076407",app_ttd_poc-patentstyret,urn:altinn:instance-id:51820557/41626ac0-dfca-4af5-8e37-e4e22ecdd82b
"06817494380","313076407",app_ttd_poc-patentstyret,urn:altinn:instance-id:51820557/1f040a4d-b28b-4fdd-8bc6-307b20c87c3c
"06817494380","313076407",app_ttd_poc-patentstyret,urn:altinn:instance-id:51820557/db01ef46-62b8-47a1-8b41-ac8fe6f7eb70
"06817494380","313076407",app_ttd_poc-patentstyret,urn:altinn:instance-id:51820557/b3e84c75-8321-40e9-aba7-27bb88c1f9bb
"24855798685","313076407",app_ttd_poc-patentstyret,urn:altinn:instance-id:51820557/c1778e06-023c-4451-9fd3-a9babbcb8035
"24855798685","313076407",app_ttd_poc-patentstyret,urn:altinn:instance-id:51820557/2123bc0b-20aa-4a08-a3d8-acbe45c35a46
"24855798685","313076407",app_ttd_poc-patentstyret,urn:altinn:instance-id:51820557/569ce6ff-68b8-49e4-a418-c49b90038946
"24855798685","313076407",app_ttd_poc-patentstyret,urn:altinn:instance-id:51820557/e36f1d8e-339d-4f1b-9c67-4bdcdf5ab7a0
"24855798685","313076407",app_ttd_poc-patentstyret,urn:altinn:instance-id:51820557/c4955d51-4715-402c-9338-7f551fb1aafb
"47910075159","310216941",app_slv_grossisttillatelse,urn:altinn:instance-id:51543825/286c667a-e3ca-402c-88fe-b603296ea547,Task_2
"20844699574","313076407",app_ttd_poc-patentstyret,urn:altinn:instance-id:51820557/8bd6de7c-51a1-4436-bbfd-43f32fc491c2
"28913549572","312939703",app_ttd_signering-brukerstyrt,urn:altinn:instance-id:51811004/433bd24b-4b65-438d-9d6e-e112558a6876
"05864998595","312190796",app_ttd_signering-brukerstyrt,urn:altinn:instance-id:51752130/695bf9c9-fdc4-400f-8a3f-97a4b28c3bab
"47910075159","310351784",app_slv_grossisttillatelse,urn:altinn:instance-id:51555877/553fb50e-b3b9-4902-9bcd-878a4375f667
"47910075159","310351784",app_slv_apotekdrift,urn:altinn:instance-id:51555877/6bbcf75c-cb36-4a7d-bf1a-daacbbf1f7de,Task_2
"47910075159","313329402",app_slv_grossisttillatelse,urn:altinn:instance-id:51510540/e2046c57-ff0a-4eda-9459-ef9165714444,Task_2
"47910075159","313943216",app_slv_grossisttillatelse,urn:altinn:instance-id:51880511/59c34646-49ff-4fb0-8249-dfc4a2ee396a,Task_2
"47910075159","313869334",app_slv_apotekdrift,urn:altinn:instance-id:51651113/f69b7496-bf02-4a3e-82cf-f0e95249d9a0,Task_2
"47910075159","310911518",app_slv_grossisttillatelse,urn:altinn:instance-id:51605326/5676c085-658b-42aa-b403-124e54a4662d,Task_2
"07926598796","314179838",app_ttd_signering-brukerstyrt,urn:altinn:instance-id:51896859/f44fa5b5-3057-4a5a-94b7-161432180fe2
"05898799834","316206387",app_brg_virksomhetsregistrering,urn:altinn:instance-id:53429570/ea2aca72-f936-4172-a7c0-04fefe11dd6b
"05898799834","316206387",app_brg_virksomhetsregistrering,urn:altinn:instance-id:53429570/b042b540-73d4-4dad-9912-2b596d91c1f3
"11854995997","312608707",app_ttd_signering-brukerstyrt,urn:altinn:instance-id:51787928/4ce72665-c21e-4a89-8dc4-52c56dfdc0ae
"22923648694","311080180",app_staf_test-brukerstyrt-signering,urn:altinn:instance-id:51620242/0f0369e6-abd4-4181-9c5c-404d18554523
"08066400329","210412662",app_slv_grossisttillatelse,urn:altinn:instance-id:51453703/c0c62bb6-b4a6-41d0-bba0-170dba8220ff
"08066400329","314057465",app_slv_grossisttillatelse,urn:altinn:instance-id:51888426/67d45f17-153a-443c-b8f1-492e767443e0
"11859499017","314230264",app_slv_grossisttillatelse,urn:altinn:instance-id:51900352/42c258a2-46e0-468d-8f55-fc3299fbde1d
"08868998858","314253698",app_brg_virksomhetsregistrering,urn:altinn:instance-id:51530651/16c39b20-3f91-4f80-a74b-838e4ec240d1
"05898799834","210360492",app_brg_virksomhetsregistrering,urn:altinn:instance-id:51453114/e23ca9d4-381e-45f2-97d7-75bf5a79b865
"05898799834","313429377",app_brg_virksomhetsregistrering,urn:altinn:instance-id:51845017/549957f6-2388-416e-9132-673f7cf244e6
"19878398419","316181430",app_brg_virksomhetsregistrering,urn:altinn:instance-id:53348977/cb55157e-c400-4b40-addc-2bafa2a2eea1
"19878398419","316181430",app_brg_virksomhetsregistrering,urn:altinn:instance-id:53348977/5723a0f2-2515-487e-a7da-417fca10f824
"19878398419","316181430",app_brg_virksomhetsregistrering,urn:altinn:instance-id:53348977/698deeef-b4a6-49dd-bd60-00e3c8bc5cc6
"19878398419","316181430",app_brg_virksomhetsregistrering,urn:altinn:instance-id:53348977/89cecde9-e42e-4fc0-a6b0-7af0cf2c7c87
"19878398419","316181430",app_brg_virksomhetsregistrering,urn:altinn:instance-id:53348977/91967546-b57f-4aef-b5f8-87e5c2a36700
"19909498719","316249566",app_brg_virksomhetsregistrering,urn:altinn:instance-id:53441054/90085042-e306-45c2-9637-6368ccf85f8a
"19909498719","312963345",app_brg_virksomhetsregistrering,urn:altinn:instance-id:51449783/c1d207b5-99ad-4873-ae3a-71b34321a0d8
"19909498719","312963345",app_brg_virksomhetsregistrering,urn:altinn:instance-id:51449783/0d76a23b-0fde-4f41-837a-e0ef903809db
"19909498719","312963345",app_brg_virksomhetsregistrering,urn:altinn:instance-id:51449783/d76253ae-fe6c-4171-ab4d-9793f3d0e387
"19909498719","316257194",app_brg_virksomhetsregistrering,urn:altinn:instance-id:53442085/07fd24d5-2a2a-4104-aac1-50f28a4a482e
"22849797240","316175090",app_brg_virksomhetsregistrering,urn:altinn:instance-id:53347131/bb8f4ac3-862c-4f25-8b4f-2d26505439ac
"22849797240","316175090",app_brg_virksomhetsregistrering,urn:altinn:instance-id:53347131/f5dd9522-b4ad-42c4-8262-9866f923b66f
"10898099127","316131980",app_brg_virksomhetsregistrering,urn:altinn:instance-id:53320285/392e9f3b-6c6c-45a6-b962-9e90b818a42d
"10898099127","316131980",app_brg_virksomhetsregistrering,urn:altinn:instance-id:53320285/e416a202-d7c8-46b8-8a4b-f9f8c7015a63
"19909498719","310082414",app_brg_virksomhetsregistrering,urn:altinn:instance-id:51460801/66b54577-a577-451a-9b9f-35bbb63d4460
"27888795680","316266517",app_brg_virksomhetsregistrering,urn:altinn:instance-id:53443247/99798252-fde8-491d-a80a-996a646a9444
"27888795680","316266517",app_brg_virksomhetsregistrering,urn:altinn:instance-id:53443247/b0dfa9ef-6e17-4206-ab25-c1fd2450d81e
"27888795680","316268609",app_brg_virksomhetsregistrering,urn:altinn:instance-id:53443522/f9ae15cc-23a5-480a-93c6-5c170f29a6aa
"26826198191","313549461",app_ttd_signering-brukerstyrt,urn:altinn:instance-id:51688238/2c03fc5d-8856-456b-bcfc-f59ea8d88b58
"09886796797","313549461",app_ttd_signering-brukerstyrt,urn:altinn:instance-id:51688238/2c03fc5d-8856-456b-bcfc-f59ea8d88b58
"23905497111","313549461",app_ttd_signering-brukerstyrt,urn:altinn:instance-id:51688238/2c03fc5d-8856-456b-bcfc-f59ea8d88b58
"19898498843","312603500",nav_dokumentdistribusjon_taushetsbelagtpost,urn:altinn:correspondence-id:019d720a-e033-7cfb-bb4a-b5e29c53bc1c
"18824699344","312398443",app_nokut_hyu-utdanning-fullmakt,urn:altinn:instance-id:51773234/f6b33171-f5ce-44dc-8a08-2be6ecd23551
"14812949714","313279871",ksdigi-svarut-taushetsbelagt,urn:altinn:correspondence-id:019d2436-ef3b-7bfb-a52c-f4a7b257fbe1
"67877700523","313206661",ske-skriv-til-oss,urn:altinn:dialog-id:019d247e-9eeb-7f42-821b-6c1c7438b0f9
"20876795923","314242726",app_ttd_signering-brukerstyrt,urn:altinn:instance-id:51448647/32944057-7dd4-485c-9a68-7dd8c5086d03
"22020100021","314332660",app_pat_patent,urn:altinn:instance-id:51551590/5bcbb54e-5278-4c0e-8e03-cede73ddcda4
"24036801979","314332660",app_pat_patent,urn:altinn:instance-id:51551590/5bcbb54e-5278-4c0e-8e03-cede73ddcda4
"11047000159","314332660",app_pat_patent,urn:altinn:instance-id:51551590/5bcbb54e-5278-4c0e-8e03-cede73ddcda4
"16107300337","314332660",app_pat_patent,urn:altinn:instance-id:51551590/5bcbb54e-5278-4c0e-8e03-cede73ddcda4
"30892449089","314087461",app_ttd_signering-brukerstyrt,urn:altinn:instance-id:51890472/aba30735-2fd3-41bb-9e8e-9c9d616cebd2
"14821098786","314087461",app_ttd_signering-brukerstyrt,urn:altinn:instance-id:51890472/aba30735-2fd3-41bb-9e8e-9c9d616cebd2
"23077000259","210009612",skd-migratedcorrespondence-5012-171208,urn:altinn:correspondence-id:019c9165-3add-7664-823d-d64a4475358f
"23077000259","210009612",app_ttd_til-test-av-virksomhetspakker1,urn:altinn:instance-id:51448745/55363947-74e3-4c89-8b78-4406f77fb5c5
"68837002153","210009612",skd-migratedcorrespondence-5012-171208,urn:altinn:correspondence-id:019c9165-3add-7664-823d-d64a4475358f
"27903449603","313749053",app_ttd_signering-brukerstyrt,urn:altinn:instance-id:51451953/4c9d671a-0973-48b8-976f-d83d7868917d
"62917001303","313749053",app_ttd_signering-brukerstyrt,urn:altinn:instance-id:51451953/4c9d671a-0973-48b8-976f-d83d7868917d
"11925796583","310536261",app_ttd_tryggvirksomhet,urn:altinn:dialog-id:019d29f8-718d-7401-831f-2153a0dcf8c0
"11925796583","310536261",app_ttd_tryggvirksomhet,urn:altinn:instance-id:51572263/e0418d1c-d776-4b02-a2eb-9a92684a6f9d
"16057002054","810409282",app_ssb_ra0485-01,urn:altinn:instance-id:50135588/0e5d31f6-29b3-43e9-a942-20b424c3f060
"16057002054","810409282",app_ssb_ra0485-01,urn:altinn:instance-id:50135588/ced34358-90f0-44b4-8e95-57255482413f
"31889699151","210010882",app_ttd_tryggvirksomhet,urn:altinn:instance-id:51448760/d2cffef5-1697-47d8-9d33-203fc05a55f6
"31889699151","210010882",app_pat_design,urn:altinn:instance-id:51448760/a98b4a5b-0129-4244-8a72-25873f630d93
"31889699151","210010882",skd-migratedcorrespondence-3476-130314,urn:altinn:correspondence-id:019c3e1e-40b9-74c3-a040-060e6547302b
"31889699151","210010882",app_ttd_tryggvirksomhet,urn:altinn:instance-id:51448760/1854ef43-2ead-45b5-82ba-ac7aa0bb1bfe
"31889699151","210010882",app_nb_utbetaling-bankinnskudd,urn:altinn:instance-id:51448760/c746a647-2b15-4806-b48e-44b2ec62fdf6
"26846799647","210006362",app_ttd_tryggvirksomhet,urn:altinn:instance-id:51448701/0155c996-43d7-46c8-b2d4-c81a79c3f198
"26846799647","210006362",app_ttd_tryggvirksomhet,urn:altinn:instance-id:51448701/619bc30d-2a78-49f8-8428-2c3a44599254
"27849297746","210006362",app_ttd_tryggvirksomhet,urn:altinn:instance-id:51448701/619bc30d-2a78-49f8-8428-2c3a44599254
"17909398134","210006362",app_ttd_tryggvirksomhet,urn:altinn:instance-id:51448701/619bc30d-2a78-49f8-8428-2c3a44599254
"06888598896","210010882",app_ttd_tryggvirksomhet,urn:altinn:instance-id:51448760/1854ef43-2ead-45b5-82ba-ac7aa0bb1bfe
"05926698062","210010882",app_ttd_tryggvirksomhet,urn:altinn:instance-id:51448760/1854ef43-2ead-45b5-82ba-ac7aa0bb1bfe
"17826997575","210006362",app_ttd_tryggvirksomhet,urn:altinn:instance-id:51448701/619bc30d-2a78-49f8-8428-2c3a44599254
"27827295960","210010882",app_ttd_tryggvirksomhet,urn:altinn:instance-id:51448760/1854ef43-2ead-45b5-82ba-ac7aa0bb1bfe
"11866497364","314082613",app_ttd_tryggvirksomhet,urn:altinn:instance-id:51632711/f4fe831f-9a58-4ff5-91ae-5433f5752664
"06813648146","314082613",app_ttd_tryggvirksomhet,urn:altinn:instance-id:51632711/6237464f-3d2a-44de-921e-10434060d9b8
"03127100569","810409282",app_ssb_ra0485-01,urn:altinn:instance-id:50135588/ced34358-90f0-44b4-8e95-57255482413f
"03127100569","810409282",app_ssb_ra0419-01,urn:altinn:instance-id:50135588/6a748c33-8b13-430b-bfc9-6a1884ddda3f
"06825798631","310459275",aarsregnskap-correspondence,urn:altinn:correspondence-id:019a8210-6a68-7a49-a224-587842ae0110
"04920299712","312963345",app_brg_virksomhetsregistrering,urn:altinn:instance-id:51449783/0d76a23b-0fde-4f41-837a-e0ef903809db
"02857999609","312224003",app_ttd_tryggvirksomhet,urn:altinn:instance-id:51471324/a4bdde01-822b-4dba-9295-71e34f021530
"02857999609","312224003",app_ttd_tryggvirksomhet,urn:altinn:instance-id:51471324/d10629e3-97b5-4e09-996f-2601283cc610
"18870499864","312224003",app_ttd_tryggvirksomhet,urn:altinn:instance-id:51471324/a4bdde01-822b-4dba-9295-71e34f021530
"04927896910","312224003",app_ttd_tryggvirksomhet,urn:altinn:instance-id:51471324/a4bdde01-822b-4dba-9295-71e34f021530
"24876498398","312224003",app_ttd_tryggvirksomhet,urn:altinn:instance-id:51471324/a4bdde01-822b-4dba-9295-71e34f021530
"19888498772","210009612",app_ttd_til-test-av-virksomhetspakker1,urn:altinn:instance-id:51448745/83e8f17c-0bf6-4377-83b7-6d0a4310bafb
"08812648862","313542610",app_ttd_signering-brukerstyrt,urn:altinn:instance-id:51745567/334645f0-9d8e-4f77-921d-fc4c998724eb
"08896298330","310323756",app_ttd_signering-brukerstyrt,urn:altinn:instance-id:51553377/aa77508e-0499-45de-9007-283bb51d57a7
"66868101572","313230090",bruno-correspondence,urn:altinn:correspondence-id:019d4350-d356-754a-b9a8-65656be5f93f
"03895098719","312742012",app_ttd_tryggvirksomhet,urn:altinn:instance-id:51797218/2feef21a-6526-4b5b-a81b-e3ebf12fbdc2
"03895098719","312450291",app_ttd_tryggvirksomhet,urn:altinn:instance-id:51776872/1a7c1f63-707b-4d57-8e15-974f6b5b6afe
"25890298063","210503412",app_brg_virksomhetsregistrering,urn:altinn:instance-id:51454710/6e44e0c6-28aa-4c44-8d8a-79eee68ffb2a
"16868398764","314321340",app_ttd_tryggvirksomhet,urn:altinn:instance-id:51537296/84f092f0-c989-419f-9bed-de7d8e77181c
"19890948637","313695379",app_ttd_tryggvirksomhet,urn:altinn:instance-id:51863405/fe76c3e7-6c04-4dd4-b79c-5a1822e56684
"19890948637","313695379",app_ttd_tryggvirksomhet,urn:altinn:instance-id:51863405/68d436c9-8c80-4330-bf84-4b970f943781
"11897099138","314321340",app_ttd_tryggvirksomhet,urn:altinn:instance-id:51537296/84f092f0-c989-419f-9bed-de7d8e77181c
"11921848074","313954315",app_ssb_ra0485-01,urn:altinn:instance-id:51881265/ae0d271a-e16a-4b9a-b506-b03b4c2dc4df
"26826198191","310844055",app_ssb_ra0485-01,urn:altinn:instance-id:51599387/531f6086-bbba-415e-8ff5-a72e4f6761dc
"01881199986","313127400",app_ttd_tryggvirksomhet,urn:altinn:instance-id:51824107/d232ef4a-5ff6-444c-88c7-55a92045a5d1
"19818698189","313127400",app_ttd_tryggvirksomhet,urn:altinn:instance-id:51824107/d232ef4a-5ff6-444c-88c7-55a92045a5d1
"29841298673","313127400",app_ttd_tryggvirksomhet,urn:altinn:instance-id:51824107/d232ef4a-5ff6-444c-88c7-55a92045a5d1
"24836599485","313494578",ks-migratedcorrespondence-3702-1,urn:altinn:correspondence-id:019ca143-6e7c-7f21-90eb-2b66edbd27d9
"31037402357","811503762",ks-migratedcorrespondence-3702-1,urn:altinn:correspondence-id:01995d23-04e0-71d5-9157-6cd234e9c605
"31037402357","811503762",ks-migratedcorrespondence-3702-1,urn:altinn:correspondence-id:01995d22-a2a4-7e03-8233-a3e8423ed18a
"31037402357","811503762",ks-migratedcorrespondence-3702-1,urn:altinn:correspondence-id:01995d23-03c7-727b-8479-63570c192e2f
"31037402357","811503762",ks-migratedcorrespondence-3702-1,urn:altinn:correspondence-id:01995d22-a27e-79dc-a07d-006016bcdac8
"12030101772","811503762",ks-migratedcorrespondence-3702-1,urn:altinn:correspondence-id:01995d23-03c7-727b-8479-63570c192e2f
"11921848074","210006702",app_ssb_ra0485-01,urn:altinn:instance-id:51448704/76c9f99a-29a7-4821-9453-22380bb3f2b6
"11921848074","210006702",app_ttd_tryggvirksomhet,urn:altinn:instance-id:51448704/f347f8e5-8926-418a-9131-a2e503c37e84
"01907195194","210006702",app_ttd_tryggvirksomhet,urn:altinn:instance-id:51448704/f347f8e5-8926-418a-9131-a2e503c37e84
"19890948637","310928941",app_ttd_tryggvirksomhet,urn:altinn:instance-id:51606870/e6024719-bd49-4ed9-9928-513f9f55b2e8
"04890798743","313695379",app_ttd_tryggvirksomhet,urn:altinn:instance-id:51863405/fc6298b6-7977-422e-99ed-77f156c254e9
"15816596820","313695379",app_ttd_tryggvirksomhet,urn:altinn:instance-id:51863405/fc6298b6-7977-422e-99ed-77f156c254e9
"15816596820","313695379",app_ttd_tryggvirksomhet,urn:altinn:instance-id:51863405/68d436c9-8c80-4330-bf84-4b970f943781
"58880075908","313695379",app_ttd_tryggvirksomhet,urn:altinn:instance-id:51863405/fc6298b6-7977-422e-99ed-77f156c254e9
"31889699151","210000992",ks-migratedcorrespondence-3702-1,urn:altinn:correspondence-id:019bda54-57af-7cfc-be98-64e136ea20f7
"31889699151","210000992",ks-migratedcorrespondence-3702-1,urn:altinn:correspondence-id:019c09e9-6ab2-799b-8b16-48930a8e0577
"22917298142","210000992",ks-migratedcorrespondence-3702-1,urn:altinn:correspondence-id:019bda54-57af-7cfc-be98-64e136ea20f7
"15837198523","313063798",app_ttd_signering-brukerstyrt,urn:altinn:instance-id:51819648/1f0bf9b4-1233-4cd0-a348-f01cef8fea9d
"14816399069","313063798",app_ttd_signering-brukerstyrt,urn:altinn:instance-id:51819648/1f0bf9b4-1233-4cd0-a348-f01cef8fea9d
"29814698228","313196712",ksdigi-svarut-post,urn:altinn:correspondence-id:019d904e-0ff9-742c-8008-6e187a98c799
"26918297161","214171562",app_slv_apotekdrift,urn:altinn:instance-id:51497253/dbf9a004-d02c-4db3-b263-b382fd8afb5a,Task_2
"30854399310","312899108",app_brg_virksomhetsregistrering,urn:altinn:instance-id:51808149/72a584e2-6058-4e87-8beb-627c1c53a452
"30860399217","312899108",app_brg_virksomhetsregistrering,urn:altinn:instance-id:51808149/72a584e2-6058-4e87-8beb-627c1c53a452
"08896298330","312188112",app_ttd_signering-brukerstyrt,urn:altinn:instance-id:51751926/a24451e2-5825-4c92-a431-0294460b23fe
"01907195194","310480541",brg-migratedcorrespondence-5640-2021,urn:altinn:correspondence-id:01995d0e-e379-7ec2-8cf0-8e9d197bd830
"01907195194","310283967",app_ttd_tryggvirksomhet,urn:altinn:dialog-id:019db4eb-e500-76f3-b154-b692122284c8
"31871999875","312152762",app_ttd_spraaksneverapp,urn:altinn:dialog-id:019db902-2628-77db-8407-467a7b08c3cd
"15917298502","315728150",nabovarsel,urn:altinn:correspondence-id:019db4f6-a4b1-7816-a886-b62a5223cfdd
"47910075159","213159372",app_slv_grossisttillatelse,urn:altinn:instance-id:51487679/db7c22a6-f718-4fe1-aa3f-267c8c8c7554
"28879498580","310759163",app_slv_grossisttillatelse,urn:altinn:instance-id:51591915/23ba4060-94c8-420c-92d9-962aa2010e69
"42817000791","910073710",app_ssb_ra0182-02,urn:altinn:instance-id:50151044/fa791a07-8d6d-4677-bb5c-6af32ff5e3fe
"10830147662","214171562",app_slv_apotekdrift,urn:altinn:instance-id:51497253/b0940990-00b9-4848-802f-3b14f01115a6,Task_2
"27909497847","214171562",app_slv_apotekdrift,urn:altinn:instance-id:51497253/b0940990-00b9-4848-802f-3b14f01115a6,Task_2
"47910075159","312452987",app_slv_apotekdrift,urn:altinn:instance-id:51777043/e721fa79-8af2-4bc9-b102-caa91a014bcc,Task_2
"15890198071","311124706",k6-instancedelegation-test,urn:altinn:dialog-id:019dd84a-e2c4-7668-9747-5524c5584064
"02893049765","214171562",app_slv_apotekdrift,urn:altinn:instance-id:51497253/6f4c6b34-0cfc-418f-ad9c-0d426cb138be,Task_2
"25065600024","910157337",skd-migratedcorrespondence-5139-180522,urn:altinn:correspondence-id:01995c86-2bde-7f67-a96a-01a24b175dde
"14056600133","910111752",skd-migratedcorrespondence-5139-180522,urn:altinn:correspondence-id:01995c86-3d08-7cf3-9aab-fdec7158ba10
"14086800498","811297712",nav-migratedcorrespondence-4503-2,urn:altinn:correspondence-id:01995c86-d1de-7eb2-9286-58cf46ec1b7d
"01055902352","910488740",ttd-migratedcorrespondence-2930-1,urn:altinn:correspondence-id:01995c86-fab9-7746-902a-164d4d666c92
"01055902352","910488791",ttd-migratedcorrespondence-2930-1,urn:altinn:correspondence-id:01995c86-facf-7834-a982-3dabe8777c72
"01055902352","910488864",ttd-migratedcorrespondence-2930-1,urn:altinn:correspondence-id:01995c86-faee-79dc-a97f-67c0bbcdbbf1
"02065201642","810118342",skd-migratedcorrespondence-2772-120309,urn:altinn:correspondence-id:01995c7d-371b-7630-83b1-19ce1db69cbc
"08060101362","910070428",skd-migratedcorrespondence-3476-130314,urn:altinn:correspondence-id:01995c88-27cf-7aa1-9bed-e13ceb2f7987
"16120100983","910521594",nav-migratedcorrespondence-5278-1,urn:altinn:correspondence-id:01995c8a-9700-7084-b5d0-7fc1a5bc8cf6
"17055401993","910093452",skd-migratedcorrespondence-skdepl-1,urn:altinn:correspondence-id:01995c89-6c79-7ebb-87bc-f0c78278fc4f
"20035401335","910046632",skd-migratedcorrespondence-5141-180522,urn:altinn:correspondence-id:01995ca5-a3c5-7ec4-9a32-85667bc96862
"02017102098","910663909",ks-migratedcorrespondence-3702-1,urn:altinn:correspondence-id:01995ca9-1fc4-778b-9efb-ac0d0a630c9b
"02916298334","312773996",skd-migratedcorrespondence-5141-180522,urn:altinn:correspondence-id:01995cba-36c3-7f65-b1ed-cb5457440d21
"03908198661","310310883",skd-migratedcorrespondence-5141-180522,urn:altinn:correspondence-id:01995cbb-93f7-7d7a-bcaa-58fd2502ee10
"03908198661","310310883",skd-migratedcorrespondence-5141-180522,urn:altinn:correspondence-id:01995cbb-93dd-705c-a34a-1f6542ff9748
"22064700190","910613960",asf-migratedcorrespondence-4980-1,urn:altinn:correspondence-id:01995c77-d9c1-7f68-b270-e63d96488773
"13886499404","314286197",skd-migratedcorrespondence-5141-180522,urn:altinn:correspondence-id:01995cd3-f419-72a3-9dbb-1410e17d4407
"24856398710","310827517",skd-migratedcorrespondence-5141-180522,urn:altinn:correspondence-id:01995cd3-f51a-7784-85e1-c1b00dc5bb3f
"13896099692","311104861",skd-migratedcorrespondence-5141-180522,urn:altinn:correspondence-id:01995cd4-11e6-7061-968a-60a8ebf88aed
"07826997332","210100482",skd-migratedcorrespondence-5141-180522,urn:altinn:correspondence-id:01995cd4-fe0a-7e7f-bd28-214f05d9626f
"01046600750","910049518",asf-migratedcorrespondence-3996-201503,urn:altinn:correspondence-id:01995ceb-c9d7-7aae-9352-5633d5d8be22
"09876399609","810771852",ttd-migratedcorrespondence-4471-1,urn:altinn:correspondence-id:01995d19-2b87-7e4f-b0b0-d78918d68dd5
"23077000259","910560247",skd-migratedcorrespondence-3476-130314,urn:altinn:correspondence-id:01995cb8-59e6-7302-be22-eabd034ad055
"21855998367","310598143",ks-migratedcorrespondence-3702-1,urn:altinn:correspondence-id:01995d22-e5f9-743c-a4da-5a775a508fdb
"21855998367","310598143",ks-migratedcorrespondence-3702-1,urn:altinn:correspondence-id:01995d22-e626-77c1-849a-610e212407ed
"09878998615","212844942",skd-migratedcorrespondence-3476-130314,urn:altinn:correspondence-id:01995d20-404e-7a43-b7a3-e4714827f982
"06888097927","312430134",hdir-migratedcorrespondence-4121-1,urn:altinn:correspondence-id:019ae9c4-688c-7914-8450-376d696f00a4
"13860298206","310332313",skd-migratedcorrespondence-5728-2021,urn:altinn:correspondence-id:01995d14-a1d1-7981-9553-b3a123e14854
"68899300525","212475912",hdir-migratedcorrespondence-4118-1,urn:altinn:correspondence-id:019b939a-d189-7d15-aa81-932306b358f0
"56879400274","310652660",skd-migratedcorrespondence-5141-180522,urn:altinn:correspondence-id:01995d19-330b-752e-a1df-5c37b4cad3f8
"21864398747","310160636",skd-migratedcorrespondence-4651-161025,urn:altinn:correspondence-id:01995d17-1095-74e9-8f31-aa0d03256a66
"21838696721","214171562",app_slv_apotekdrift,urn:altinn:instance-id:51497253/c22bdf1d-6697-4abc-b1fd-948ad99c7b2a,Task_2
"30904298413","910073710",app_ssb_ra0182-02,urn:altinn:instance-id:50151044/fa791a07-8d6d-4677-bb5c-6af32ff5e3fe
"30904298413","910073710",app_brg_aarsregnskap-vanlig-202406,urn:altinn:instance-id:50151044/439a557a-32b2-4ddd-a9f2-4f37a60fb644
"25890298063","210360492",app_brg_virksomhetsregistrering,urn:altinn:instance-id:51453114/00e57229-c1a0-493b-b6dd-89c27d096a1e
"25890298063","210360492",app_brg_virksomhetsregistrering,urn:altinn:instance-id:51453114/3a3ce7ac-6de1-4011-87f3-445b4f928902
"25890298063","210360492",app_brg_virksomhetsregistrering,urn:altinn:instance-id:51453114/f0aabf2d-e4f1-49b1-a767-5c7f1225a4c5
"13856699719","310024171",app_brg_virksomhetsregistrering,urn:altinn:instance-id:51526515/8de354a7-b39a-4d68-82e8-610fbbef5de3
"08909098735","214171562",app_slv_apotekdrift,urn:altinn:instance-id:51497253/c5e20f47-a84e-4fb1-a936-4d433c0314b2,Task_2
"01907195194","310264210",brg-migratedcorrespondence-5640-2021,urn:altinn:correspondence-id:01995d0e-9d88-79c4-94a9-6b0c12176e56
"27894297765","312897342",app_dibk_a2-4655-2,urn:altinn:dialog-id:019c03c4-b971-7246-ba26-96b249f42b60
"29846797805","312897342",app_dibk_a2-4655-2,urn:altinn:dialog-id:019c03c4-b971-7246-ba26-96b249f42b60
"29846797805","313997685",brg-migratedcorrespondence-5640-2021,urn:altinn:correspondence-id:01995d0e-736d-7f91-948a-3621d4565cda
"05898799834","316262767",app_brg_virksomhetsregistrering,urn:altinn:instance-id:53443226/1fc0aff0-722c-49a1-9c75-d4459188954a
"24857297268","910418203",app_brg_virksomhetsregistrering,urn:altinn:instance-id:50194001/3bbeb2f3-5d64-4b89-918b-277ed9f21db6
"29845695936","310573612",app_brg_virksomhetsregistrering,urn:altinn:instance-id:51575553/d7ef40c3-077e-4948-a111-20e24a446d27
"02907098411","216373162",app_brg_virksomhetsregistrering,urn:altinn:instance-id:53450573/7f4380f0-2daa-4b49-9227-696177c9e4a6
"30854399310","910418203",app_brg_virksomhetsregistrering,urn:altinn:instance-id:50194001/234fd66d-11e9-462b-abd1-5ab34fa24b9e
"30860399217","910418203",app_brg_virksomhetsregistrering,urn:altinn:instance-id:50194001/234fd66d-11e9-462b-abd1-5ab34fa24b9e
"05898799834","910418203",app_brg_virksomhetsregistrering,urn:altinn:instance-id:50194001/234fd66d-11e9-462b-abd1-5ab34fa24b9e
"25890298063","316272320",app_brg_virksomhetsregistrering,urn:altinn:instance-id:53443905/1d1bd7a0-9d10-4a50-b45b-bea67585c92a
"29814698228","311057383",ks-migratedcorrespondence-5782-1,urn:altinn:correspondence-id:019e209d-8585-78cb-a235-b62579bfbd20
"19826996326","312620294",app_brg_virksomhetsregistrering,urn:altinn:instance-id:51788735/efd0956a-aa92-49b6-b307-1c1d4d454a8e
"16887398473","312620294",app_brg_virksomhetsregistrering,urn:altinn:instance-id:51788735/efd0956a-aa92-49b6-b307-1c1d4d454a8e
"13827599160","313383113",app_brg_enkeltpersonforetak-react,urn:altinn:instance-id:51772305/68f1d32e-39c6-48c0-aa75-a3eb5f1e4aff
"01866297785","311764837",correspondence-attachment-test,urn:altinn:correspondence-id:019e4f20-2fc8-715d-82ee-1e7d6a1747db
"30898097672","311764837",correspondence-access-test,urn:altinn:correspondence-id:019e4f23-9f0e-7c04-9b0f-3af0a749da7e
"10850899199","311764837",correspondence-access-test,urn:altinn:correspondence-id:019e4f23-9f0e-7c04-9b0f-3af0a749da7e
"11859499017","214171562",app_slv_apotekdrift,urn:altinn:instance-id:51497253/3171fd09-3770-470a-8620-a38c8c3f15d7,Task_2
"11859499017","214171562",app_slv_apotekdrift,urn:altinn:instance-id:51497253/61189317-0a1d-45bb-b1c6-deb45b323164,Task_2
"18898398036","313499138",app_slv_grossisttillatelse,urn:altinn:instance-id:51501553/b3627fb6-7719-4165-a8b8-9ed60cf48c2b
"18898398036","313499138",app_slv_apotekdrift,urn:altinn:instance-id:51501553/fb404094-663b-4998-9795-747ac11d4d59,Task_2
"18898398036","313499138",app_slv_apotekdrift,urn:altinn:instance-id:51501553/09d6f33e-c195-4c8f-8162-ecd8f6be8c26,Task_2
"04858897845","313499138",app_slv_grossisttillatelse,urn:altinn:instance-id:51501553/b3627fb6-7719-4165-a8b8-9ed60cf48c2b
"18847595376","316413927",app_brg_virksomhetsregistrering,urn:altinn:instance-id:53451638/673b5324-ebdf-4f5c-b298-709a38d01906
"28887799794","316413927",app_brg_virksomhetsregistrering,urn:altinn:instance-id:53451638/673b5324-ebdf-4f5c-b298-709a38d01906
"03026400464","310620610",app_slv_apotekdrift,urn:altinn:instance-id:51448970/c37d5d7f-1ecd-4949-9462-35e62bfa5904,Task_2
"19810597510","313038963",app_ttd_ttd-bruno-tilgangspakke-app,urn:altinn:instance-id:51817923/2a8c9ece-c4b8-49f1-ad42-343f0a9f2452
"31859499654","313499138",app_slv_apotekdrift,urn:altinn:instance-id:51501553/97851de6-d8eb-4677-b35d-94b8b5584400,Task_2
"13923047349","315134900",app_ttd_ttd-bruno-tilgangspakke-app,urn:altinn:instance-id:51969455/1dde9029-6faf-4fa1-b72d-9c862957d218
"13837698701","310536261",app_ttd_rollepek,urn:altinn:dialog-id:019e6934-00d0-726f-8af7-0dbaf8b11151
"13837698701","310536261",app_ttd_rollepek,urn:altinn:instance-id:51572263/d4e713d3-25b7-44b9-8768-cb6a4fdbaea6
"15827499541","214171562",app_slv_apotekdrift,urn:altinn:instance-id:51497253/f50660ef-5f7b-408f-900b-254a824ef46d,Task_2